customerId,name,email,username,password,gender,street,zipcode,city,country
1,Natividad Wileman,nwileman0@webnode.com,nwileman0,vvC8Z6,Female,7,,Tunjuk Selatan,Indonesia
2,Ursula Heynel,uheynel1@de.vu,uheynel1,i3v4tV1sqEdY,Female,195,49680-000,Nossa Senhora da Glória,Brazil
3,Barret Cisson,bcisson2@hao123.com,bcisson2,KlHRAYOOxoJ,Male,00,,Muzhijie,China
4,Analiese Itshak,aitshak3@slate.com,aitshak3,fQ7QE5pNf,Female,11945,,Lingdong,China
5,Wynn Pinckney,wpinckney4@youtube.com,wpinckney4,Go8RIMyY,Male,81569,,Cibunut,Indonesia
6,Silvanus Jakoubek,sjakoubek5@instagram.com,sjakoubek5,OsB3AJ05QqNM,Male,57,,Cabrero,Chile
7,Avrom McCool,amccool6@linkedin.com,amccool6,Igg1nionkTE7,Male,66217,,Ditang,China
8,Hernando Etheredge,hetheredge7@uol.com.br,hetheredge7,43uzsppAilv,Male,350,80401,Chowki Jamali,Pakistan
9,Maisie Enrigo,menrigo8@wunderground.com,menrigo8,UJS5UzVM,Female,86411,160034,Vologda,Russia
10,Neel Hattrick,nhattrick9@tinyurl.com,nhattrick9,ARiJxGztTsF,Male,64464,33160,Rasi Salai,Thailand
11,Jamaal Nolton,jnoltona@nasa.gov,jnoltona,Gp1TrfnAL8P1,Male,8668,4620-207,Engenho,Portugal
12,Irene Kidner,ikidnerb@twitter.com,ikidnerb,gMwjvJq,Female,5,,Ḩakamā,Jordan
13,Carlen Vowels,cvowelsc@cnet.com,cvowelsc,tPJuxeT,Female,0,,Koropí,Greece
14,Jannelle Fairlem,jfairlemd@e-recht24.de,jfairlemd,RGAURmRfzERj,Female,64,,Jiefang,China
15,Sindee Wherry,swherrye@java.com,swherrye,z9eHIRHIE,Female,5559,,Dmanisi,Georgia
16,Micheline Hynde,mhyndef@dell.com,mhyndef,22IqKUb8eG,Female,1303,,Kandangan,Indonesia
17,Melantha Kures,mkuresg@xinhuanet.com,mkuresg,SiXyPRa,Female,35,,Sentani,Indonesia
18,Addison Raeside,araesideh@gravatar.com,araesideh,686xox,Male,09377,,Xianghe,China
19,Thorndike Le Huquet,tlei@unesco.org,tlei,NqyCKGe6L6uv,Male,9480,34-143,Stanisław Dolny,Poland
20,Dunc Naile,dnailej@soundcloud.com,dnailej,kJcSr6C,Male,889,,Curug,Indonesia
21,Boycey Littlechild,blittlechildk@homestead.com,blittlechildk,b4ZtHStn657,Male,344,,Xinxi,China
22,Veradis Life,vlifel@addthis.com,vlifel,pqmsrIavAToS,Female,64858,,Lampa,Peru
23,Kym Bragg,kbraggm@reference.com,kbraggm,x0mZQOH9dXH,Female,31,7024,Tabiauan,Philippines
24,Barny Peddel,bpeddeln@va.gov,bpeddeln,Lpj45c7uHjR,Male,5,,Chơn Thành,Vietnam
25,Beau Sumner,bsumnero@nymag.com,bsumnero,vZJIUSXGF,Male,478,,Huating,China
26,Trula Cancutt,tcancuttp@creativecommons.org,tcancuttp,9WptjzRp,Female,64,9408,Carmen,Philippines
27,Rinaldo Dei,rdeiq@linkedin.com,rdeiq,PQQiIxAtK2,Male,9,39290,Karis,Finland
28,Peder Byram,pbyramr@parallels.com,pbyramr,Zdv1wX3iF,Male,210,238411,Zheleznodorozhnyy,Russia
29,Tilda Eckh,teckhs@wp.com,teckhs,akcjRIVb,Female,94313,6120-705,Castelo,Portugal
30,Mac Marskell,mmarskellt@japanpost.jp,mmarskellt,HDqIlzWsT,Male,80157,A1C,Sainte-Martine,Canada
31,Orel Ebhardt,oebhardtu@simplemachines.org,oebhardtu,OHEinrt,Female,05,,Shakīso,Ethiopia
32,Alden Coundley,acoundleyv@earthlink.net,acoundleyv,rYDcSmyYL,Male,6,736 01,Bohumín,Czech Republic
33,Irvine O'Duane,ioduanew@apache.org,ioduanew,cqoHuI,Male,93412,G3H,Pont-Rouge,Canada
34,Lianna Broek,lbroekx@spotify.com,lbroekx,rn1eNvAelsbU,Female,6411,40050,El Paraiso,Mexico
35,Ophelia Feaviour,ofeavioury@dion.ne.jp,ofeavioury,EH7NcWjxUjGT,Female,00930,92662,Newport Beach,United States
36,Delmer Hele,dhelez@discuz.net,dhelez,SwMyrMW,Male,9,MLH,Mellieħa,Malta
37,Barclay Govey,bgovey10@over-blog.com,bgovey10,PADG5xuc,Male,18,,Kiili,Estonia
38,Neville Leipelt,nleipelt11@tumblr.com,nleipelt11,7BDJM7YObrjy,Male,7060,97-216,Czerniewice,Poland
39,Tatiania Goodnow,tgoodnow12@delicious.com,tgoodnow12,ZxfuiS,Female,18,,Tanjungpati,Indonesia
40,Wendye Mieville,wmieville13@tripadvisor.com,wmieville13,vptqT7N60s,Female,8,,Huangzhuang,China
41,Alena Brickner,abrickner14@cdc.gov,abrickner14,dbkUUG7LrM6l,Female,84831,,Lok,Serbia
42,Orlan Turfs,oturfs15@columbia.edu,oturfs15,Dw00aTU,Male,6,1106,Bulod,Philippines
43,Mitch Klicher,mklicher16@t.co,mklicher16,ic1M1rU4K,Male,8,37217,Witzenhausen,Germany
44,Payton Bartrop,pbartrop17@sfgate.com,pbartrop17,nQJ8Tqd10hlB,Male,2,357014,Zavetnoye,Russia
45,Cyril Timcke,ctimcke18@time.com,ctimcke18,yDRscg,Male,96576,,Cumba,Peru
46,Zorina Eames,zeames19@vimeo.com,zeames19,GzIZ5XAwRiW,Female,8,,Ārt Khwājah,Afghanistan
47,Salvatore Hollington,shollington1a@state.tx.us,shollington1a,4GLylHCP,Male,33576,3361,General Alvear,Argentina
48,Ernestine Januszewski,ejanuszewski1b@mac.com,ejanuszewski1b,fSkqN5TPraD,Female,5506,L-9674,Gœsdorf,Luxembourg
49,Samuel Seebright,sseebright1c@techcrunch.com,sseebright1c,pha33fwFo,Male,2,,Nova Odesa,Ukraine
50,Clarinda Tweddle,ctweddle1d@homestead.com,ctweddle1d,oEOlf79DI84Q,Female,31066,37-754,Babice,Poland
51,Stephannie Bosley,sbosley1e@bloglines.com,sbosley1e,Wz90QNdDWBg,Female,8,35650-000,Pitangui,Brazil
52,Ame Loveland,aloveland1f@si.edu,aloveland1f,Wm8Myl46Nv98,Female,14,,Anling,China
53,Palm Chamberlayne,pchamberlayne1g@nyu.edu,pchamberlayne1g,m1aeNHR,Male,5133,,Rey,Iran
54,Laetitia De Micoli,lde1h@wikipedia.org,lde1h,xmXEmNL5Ihrq,Female,91,,Longchiqiao,China
55,Michelina Yashnov,myashnov1i@bigcartel.com,myashnov1i,h90ihVkKg,Female,6,,Desa Nasol,Indonesia
56,Ingamar Lackey,ilackey1j@g.co,ilackey1j,fqG8iTxMZg93,Male,58,,Gýtheio,Greece
57,Barbi De Castri,bde1k@blogs.com,bde1k,0f11Q4uL,Female,389,74604 CEDEX,Seynod,France
58,Ahmad Clink,aclink1l@mayoclinic.com,aclink1l,zaCAz8m,Male,46,,Datarnangka,Indonesia
59,Bobbee Worland,bworland1m@tuttocitta.it,bworland1m,pWstiXr97,Female,9147,4210,Subusub,Philippines
60,Alameda Threlfall,athrelfall1n@delicious.com,athrelfall1n,GLxXH8f,Female,642,,Sumberkertokrajan,Indonesia
61,Efren Darley,edarley1o@51.la,edarley1o,Mb9JDeEcPlU,Male,69,T9S,Athabasca,Canada
62,Maria Mattholie,mmattholie1p@blinklist.com,mmattholie1p,tPZcVJp0,Female,015,,Jeminay,China
63,Scot Ricarde,sricarde1q@slate.com,sricarde1q,uEMuOn2uQVs,Male,96,,Empório,Greece
64,Rhiamon Matashkin,rmatashkin1r@ehow.com,rmatashkin1r,6ytkAZ1ODoo0,Female,8,477058,Pivijay,Colombia
65,Evvy Langabeer,elangabeer1s@oaic.gov.au,elangabeer1s,h4qkH2h,Female,163,,Aţ Ţaybah,Palestinian Territory
66,Clem Crosbie,ccrosbie1t@bigcartel.com,ccrosbie1t,Pwa8F2lA,Female,73,,Kasreman,Indonesia
67,Dickie Crippell,dcrippell1u@ucoz.ru,dcrippell1u,vrJrKWy,Male,28,08104,Camden,United States
68,Cam Boik,cboik1v@pcworld.com,cboik1v,KcyerV3,Female,43175,,Lubāna,Latvia
69,Rosie Dorking,rdorking1w@bandcamp.com,rdorking1w,9ujAiFcYir,Female,7,15604,Kota Bharu,Malaysia
70,Nadean Whewell,nwhewell1x@ning.com,nwhewell1x,LtDlIelfW,Female,54615,,Port-aux-Français,French Southern Territories
71,Nanete Pharo,npharo1y@e-recht24.de,npharo1y,Lqn5m7t,Female,1,5016,Camingawan,Philippines
72,Ange Bootton,abootton1z@jigsy.com,abootton1z,a5ZrLjRJU140,Female,590,,Mancagahar,Indonesia
73,Vin Daybell,vdaybell20@cbc.ca,vdaybell20,oJwR97uCi,Female,39,461149,Rostokino,Russia
74,Marven Springtorp,mspringtorp21@mit.edu,mspringtorp21,MJazcb96,Male,55390,350 02,Hazlov,Czech Republic
75,Maxie Gerkens,mgerkens22@merriam-webster.com,mgerkens22,GaeJgAwNc95,Male,7,,Kuttu,Micronesia
76,Garik Stovin,gstovin23@hp.com,gstovin23,zFnVFht8Z,Male,9,186810,Pitkyaranta,Russia
77,Dario Ninnotti,dninnotti24@youtu.be,dninnotti24,Aq6LCxKf,Male,6,,Sinarbakti,Indonesia
78,Nester Dudny,ndudny25@prlog.org,ndudny25,PSuqVtyWTm7,Male,6,453444,Yazykovo,Russia
79,Currie Kohneke,ckohneke26@who.int,ckohneke26,kse46TPtTH7,Male,86,103 98,Stockholm,Sweden
80,Ellswerth Aggas,eaggas27@odnoklassniki.ru,eaggas27,XMAdjUX2,Male,405,,Qinggou,China
81,Stafani Sworne,ssworne28@plala.or.jp,ssworne28,TE4zgv,Female,60,461150,Pleshanovo,Russia
82,Debor Monte,dmonte29@blogtalkradio.com,dmonte29,5ZqZqHIWXTTD,Female,58275,6511,Curuan,Philippines
83,Rupert Extall,rextall2a@jalbum.net,rextall2a,6zN3vnoSb0PX,Male,0,,Chencai,China
84,Jacinthe Insko,jinsko2b@spiegel.de,jinsko2b,mMYXPKl97Gm,Female,72,,Weizheng,China
85,Hugo Jenson,hjenson2c@zdnet.com,hjenson2c,nYw8PvsNn1UT,Male,274,,Shiwan,China
86,Alfie Longmaid,alongmaid2d@yolasite.com,alongmaid2d,LUZZryXR,Male,495,,Lendan,Indonesia
87,Kimble Mellodey,kmellodey2e@rambler.ru,kmellodey2e,nvqXKypo,Male,09,45545-000,Ubaitaba,Brazil
88,Reuven Crosgrove,rcrosgrove2f@mozilla.com,rcrosgrove2f,pcvVBq5zgRQG,Male,5,4770-565,Vale de São Cosme,Portugal
89,Katalin Bolter,kbolter2g@sina.com.cn,kbolter2g,IJtsBl,Female,280,,Songhe,China
90,Krishna Couves,kcouves2h@patch.com,kcouves2h,gVG6b7XyVDO,Male,10,4281,Margate,South Africa
91,Guinna Grellis,ggrellis2i@google.es,ggrellis2i,7FgNt8B9OrZK,Female,64,385274,Starokorsunskaya,Russia
92,Carlyle Tommei,ctommei2j@globo.com,ctommei2j,laDpKyZQjq4,Male,3,,Zhiqu,China
93,Stirling Marchetti,smarchetti2k@aboutads.info,smarchetti2k,BhOPuh7W,Male,35,,Marang,Indonesia
94,Dalston Dunnan,ddunnan2l@rambler.ru,ddunnan2l,L8yUtrz,Male,93493,28200-000,São João da Barra,Brazil
95,Trudie Tincknell,ttincknell2m@wordpress.org,ttincknell2m,EDfswWwEhnG,Female,247,,Qianzhou,China
96,Carlo Darque,cdarque2n@usnews.com,cdarque2n,cQ0j4oFlt,Male,25,,Askaniya Nova,Ukraine
97,Amelia Basford,abasford2o@amazon.de,abasford2o,RCiEghacg4B,Female,1,,Icheon-si,South Korea
98,Alphard Gabby,agabby2p@biglobe.ne.jp,agabby2p,fN6zA4,Male,02,,Luojiang,China
99,Em Berrisford,eberrisford2q@bing.com,eberrisford2q,K6cz2EC,Male,4,,Majin,China
100,Jecho Scowcraft,jscowcraft2r@homestead.com,jscowcraft2r,pdMpxi,Male,6,,Qiancheng,China
101,Godfree Wickens,gwickens2s@ustream.tv,gwickens2s,tYYlb0skls1j,Male,16,2725,Suso,Philippines
102,Misti Baudet,mbaudet2t@soup.io,mbaudet2t,JHqiWXa3,Female,74843,,Gunungkoneng,Indonesia
103,Enrico Brownbill,ebrownbill2u@mail.ru,ebrownbill2u,Fg6sk5HK,Male,672,60652,Chicago,United States
104,Bradly Balleine,bballeine2v@irs.gov,bballeine2v,17qWFMP7K,Male,4,,Rumat Heib,Israel
105,Tamera Espley,tespley2w@eepurl.com,tespley2w,YqExaEOtjz78,Female,92292,,Nieuw Nickerie,Suriname
106,Burl Djuricic,bdjuricic2x@sina.com.cn,bdjuricic2x,OmWaMs0uCZ,Male,2,682038,Chegdomyn,Russia
107,Niven Phillimore,nphillimore2y@ibm.com,nphillimore2y,BTBEbMZFsQSS,Male,3,40914,La Palma,Mexico
108,Nestor Stovold,nstovold2z@ucla.edu,nstovold2z,KTjYzrR7AlqL,Male,58,,Baishui,China
109,Linoel Pottage,lpottage30@behance.net,lpottage30,KodFoW1CqmM,Male,3177,L-8295,Müllendorf,Luxembourg
110,Celka O'Neal,coneal31@thetimes.co.uk,coneal31,TROedu,Female,985,23237,Richmond,United States
111,Joelly Worsell,jworsell32@gravatar.com,jworsell32,lXLfQvhf5wdi,Female,00,,Sansanné-Mango,Togo
112,Bentley Shippard,bshippard33@google.com,bshippard33,vfdRio,Male,97,187332,Otradnoye,Russia
113,Trish Burnsell,tburnsell34@google.com,tburnsell34,ATdJZgHq,Female,9,,Zhongxiang,China
114,Leontine Diament,ldiament35@xing.com,ldiament35,ESnrwL,Female,6,27499,Greensboro,United States
115,Arv Toopin,atoopin36@diigo.com,atoopin36,zsKDzUxGgu,Male,08418,,Santiago de Cuba,Cuba
116,Malissa Gouley,mgouley37@sitemeter.com,mgouley37,5ouE3G,Female,43,671331,Il’ka,Russia
117,Gayle Mehew,gmehew38@joomla.org,gmehew38,hJhtOafam,Female,64592,,Verkhnyachka,Ukraine
118,Alejandra Elsley,aelsley39@unc.edu,aelsley39,GE2DGl,Female,5547,662306,Dubinino,Russia
119,Onida Duxbury,oduxbury3a@moonfruit.com,oduxbury3a,odpq9gbee3e,Female,5,,Živinice,Bosnia and Herzegovina
120,Randolf Jeandillou,rjeandillou3b@123-reg.co.uk,rjeandillou3b,OAW10e,Male,8816,E7M,Woodstock,Canada
121,Barty Isworth,bisworth3c@youku.com,bisworth3c,K4wJ0x6ngA7,Male,21668,,Uliastay,Mongolia
122,Tanney McGilleghole,tmcgilleghole3d@japanpost.jp,tmcgilleghole3d,Hjsnzw,Male,06,,Volodars’k-Volyns’kyy,Ukraine
123,Leontyne Rawsthorne,lrawsthorne3e@odnoklassniki.ru,lrawsthorne3e,VCy4m6,Female,9,,Daming,China
124,Trixy Skeene,tskeene3f@taobao.com,tskeene3f,m9BF8P1y,Female,830,64-915,Jastrowie,Poland
125,Nichole Joska,njoska3g@wsj.com,njoska3g,xwBkfemU,Male,44972,,Huangbu,China
126,Larina Edmons,ledmons3h@alexa.com,ledmons3h,YD070BZPgL,Female,14002,,Changjiang,China
127,Oby Girard,ogirard3i@people.com.cn,ogirard3i,SzD1hNdvg,Male,813,44265 CEDEX 2,Nantes,France
128,Stacy Humbert,shumbert3j@parallels.com,shumbert3j,gK5U1zIKVoJ,Male,9121,,Jindong,China
129,Annice Seares,aseares3k@storify.com,aseares3k,rAr0qgVXG,Female,56937,10340,Vrbovec,Croatia
130,Jasun Foulger,jfoulger3l@myspace.com,jfoulger3l,ybgNlidh,Male,800,3716,Campo Largo,Argentina
131,Adey Lett,alett3m@icio.us,alett3m,0zB3LmAYY18S,Female,456,,Akunk’,Armenia
132,Mordecai Manvelle,mmanvelle3n@studiopress.com,mmanvelle3n,qhdGqoUcv,Male,7606,,Dikhil,Djibouti
133,Sherill D'Souza,sdsouza3o@people.com.cn,sdsouza3o,Jg371HhTe,Female,8604,,Fuxing,China
134,Burty Shee,bshee3p@cargocollective.com,bshee3p,E2y4vmDgUBxV,Male,88839,,Chao,Peru
135,Lyda Antoinet,lantoinet3q@sfgate.com,lantoinet3q,hfzIHZ,Female,5519,,Lianhua,China
136,Adorne Montel,amontel3r@moonfruit.com,amontel3r,IxE3UbihCN,Female,0587,,Bancar,Indonesia
137,Henderson Olivas,holivas3s@livejournal.com,holivas3s,ljSp8uf,Male,871,443033,Rossosh’,Russia
138,Hart Cranstoun,hcranstoun3t@google.es,hcranstoun3t,hzjhJjSb8c,Male,190,,Pasar Kidul,Indonesia
139,Levin Boys,lboys3u@com.com,lboys3u,UlcUBx,Male,7652,,Wurno,Nigeria
140,Ephrayim Pourveer,epourveer3v@ifeng.com,epourveer3v,cw7h2U,Male,987,8503,General Conesa,Argentina
141,Ferris Shovelton,fshovelton3w@github.io,fshovelton3w,Bhdrsva,Male,4,,Gerdu,Indonesia
142,Revkah Damp,rdamp3x@pen.io,rdamp3x,faxmYwE,Female,62968,,Alasmalang,Indonesia
143,David Ingleston,dingleston3y@networkadvertising.org,dingleston3y,CBApqJmir,Male,597,102 46,Stockholm,Sweden
144,Saidee Ironside,sironside3z@sourceforge.net,sironside3z,dEeNZah6,Female,6,38-123,Wysoka Strzyżowska,Poland
145,Gray Thresher,gthresher40@slate.com,gthresher40,1OkW7Eb,Male,836,97283 CEDEX 1,Le Lamentin,Martinique
146,Lyle Greet,lgreet41@wufoo.com,lgreet41,fG3kM4jzcMIh,Male,308,06005,Badajoz,Spain
147,Rodolphe Dallender,rdallender42@stanford.edu,rdallender42,vpsCBQ,Male,65612,,Polel Diaoubé,Senegal
148,Walker Sallnow,wsallnow43@independent.co.uk,wsallnow43,MICqbGUFx,Male,6,,Shiwan,China
149,Ranee Langridge,rlangridge44@google.nl,rlangridge44,89zOPxakm1pe,Female,13,74-407,Boleszkowice,Poland
150,Pandora Nelthorpe,pnelthorpe45@bbb.org,pnelthorpe45,BX8qTLmW5I,Female,2,46140-000,Livramento do Brumado,Brazil
151,Guillemette Tuddall,gtuddall46@instagram.com,gtuddall46,ryf0Ns2j,Female,81,,Binagadi,Azerbaijan
152,Yovonnda Blodg,yblodg47@sohu.com,yblodg47,qC5mg7,Female,4,,Verkhnye Syn’ovydne,Ukraine
153,Glendon Deplacido,gdeplacido48@bloglovin.com,gdeplacido48,FVMPcp2Zu,Male,4,,Jembangan,Indonesia
154,Dosi Pollendine,dpollendine49@163.com,dpollendine49,N31cie3198,Female,711,28970-000,Araruama,Brazil
155,Gregorio Bonnier,gbonnier4a@state.tx.us,gbonnier4a,YQmc5OI,Male,03,,Ea T’ling,Vietnam
156,Meriel Swyndley,mswyndley4b@reddit.com,mswyndley4b,7XH1TUnFy,Female,14376,,Luzhany,Ukraine
157,Misty Dougary,mdougary4c@shareasale.com,mdougary4c,lpcEgmBnHc2,Female,20,6542,Siguinon,Philippines
158,Lovell Speir,lspeir4d@imdb.com,lspeir4d,M8P0y5hRV,Male,288,56528,Adolfo Lopez Mateos,Mexico
159,Joey Oaten,joaten4e@elpais.com,joaten4e,HmxYqDO3gY,Male,98255,,Pagak Kulon,Indonesia
160,Danie Boyington,dboyington4f@mozilla.org,dboyington4f,j2MqE1,Male,45,95818,Sacramento,United States
161,Ade Reinbach,areinbach4g@blinklist.com,areinbach4g,ejRiSFtQ1u,Male,3,,Castillos,Uruguay
162,Hedda MacAnelley,hmacanelley4h@diigo.com,hmacanelley4h,Xt8LJlO9DF9,Female,512,,Tekeli,Kazakhstan
163,Lorelle Hennemann,lhennemann4i@cnet.com,lhennemann4i,6JRWFxlFSN,Female,91,,Gendiwu,Indonesia
164,Barty Dimelow,bdimelow4j@archive.org,bdimelow4j,SjCBVfvn,Male,266,361524,Zhankhoteko,Russia
165,Devina Alexandersen,dalexandersen4k@freewebs.com,dalexandersen4k,sNqZI1Ebl,Female,0521,9203,Matungao,Philippines
166,Glenden Ede,gede4l@archive.org,gede4l,D14vEDQAB,Male,54,,Beiguoyuan,China
167,Kendell O'Garmen,kogarmen4m@php.net,kogarmen4m,AoigkNrI2,Male,77,,Jiyizhuang,China
168,Stefa Kaysor,skaysor4n@independent.co.uk,skaysor4n,3YBwVVkcR3m,Female,6,250 65,Líbeznice,Czech Republic
169,Herby Kobera,hkobera4o@sciencedaily.com,hkobera4o,UzKGSHpV,Male,28,,Montor Timur,Indonesia
170,Wilhelm Goch,wgoch4p@histats.com,wgoch4p,LOKrn1hQ4,Male,42,25740,Emiliano Zapata,Mexico
171,Ryun Becconsall,rbecconsall4q@adobe.com,rbecconsall4q,87aNKSJqgA,Male,3512,,Um Jar Al Gharbiyya,Sudan
172,Althea Turpin,aturpin4r@reverbnation.com,aturpin4r,s7d0jVU,Female,7,,Madoi,China
173,Brooke Thews,bthews4s@yale.edu,bthews4s,EBLIAdxk,Male,3756,374 01,Trhové Sviny,Czech Republic
174,Geno Ghidoni,gghidoni4t@wikipedia.org,gghidoni4t,RsfX0mXCJQFD,Male,40581,98185,Seattle,United States
175,Cass Karpeev,ckarpeev4u@harvard.edu,ckarpeev4u,R8g2j2pOMr,Male,6364,,Fray Bentos,Uruguay
176,Patrica Hanscome,phanscome4v@woothemes.com,phanscome4v,wAEEo4xdtKg,Female,6947,,Áyios Nikólaos,Greece
177,Archer Pouton,apouton4w@usda.gov,apouton4w,Iuvfmw,Male,5,0806,Oslo,Norway
178,Ignazio Boissieux,iboissieux4x@jalbum.net,iboissieux4x,4pZRbT,Male,5,,Arteni,Armenia
179,Bekki Hardstaff,bhardstaff4y@themeforest.net,bhardstaff4y,T4Y8gg,Female,95,23663,Hampton,United States
180,Charlotta Frankis,cfrankis4z@mac.com,cfrankis4z,rOnQjHbxn,Female,5191,93311,Bakersfield,United States
181,Earlie Febry,efebry50@ox.ac.uk,efebry50,JXKp7w,Male,6590,,Jianshe,China
182,Karlyn Dubs,kdubs51@google.es,kdubs51,vasEdYIB,Female,55,62711,Springfield,United States
183,Estella Petrelli,epetrelli52@usgs.gov,epetrelli52,5toFepkaP,Female,0964,,Huquan,China
184,Gilberta Kunkler,gkunkler53@virginia.edu,gkunkler53,4pFvvskyvqN,Female,57468,11809,San José de Ocoa,Dominican Republic
185,Maxy Gooble,mgooble54@shutterfly.com,mgooble54,1uXomOe,Male,26916,2007,Maquiapo,Philippines
186,Onfre Berston,oberston55@gov.uk,oberston55,T9MyNhUJl,Male,39894,,Bondokodi,Indonesia
187,Biron Batteson,bbatteson56@weebly.com,bbatteson56,U5BC4waAgtE,Male,5,95098,Lindavista,Mexico
188,Dory Cutmere,dcutmere57@huffingtonpost.com,dcutmere57,IaABGkqrU,Male,77,347180,Sovetskaya,Russia
189,Audrye Beavors,abeavors58@addthis.com,abeavors58,ILWlKThr,Female,526,186430,Nadvoitsy,Russia
190,Arlinda Waitland,awaitland59@networksolutions.com,awaitland59,0TJYTpQ77N,Female,43,32251,Privlaka,Croatia
191,Wit Folke,wfolke5a@shop-pro.jp,wfolke5a,JrlSUUyI,Male,0,6501,Pawing,Philippines
192,Cynde Ends,cends5b@ted.com,cends5b,Bs4fCmLArCm,Female,594,KCM,Kerċem,Malta
193,Joletta Breckon,jbreckon5c@creativecommons.org,jbreckon5c,knBq8wZ46v,Female,33568,,Ongi,Mongolia
194,Kristofer Rockwill,krockwill5d@google.com.au,krockwill5d,T1MB60,Male,0,6433,Carhué,Argentina
195,Akim Hawtrey,ahawtrey5e@yandex.ru,ahawtrey5e,IQanqe4oxJT,Male,78,,Cigaleuh Kulon,Indonesia
196,Markus Zanussii,mzanussii5f@behance.net,mzanussii5f,d3xr42TT,Male,27469,,Zouérat,Mauritania
197,Thayne Tinton,ttinton5g@addtoany.com,ttinton5g,agV9bxxG4r,Male,40,37-610,Narol,Poland
198,Niki Tiffany,ntiffany5h@walmart.com,ntiffany5h,jKeOdJ8OXeE,Female,1,00196,Roma,Italy
199,Addie Van der Son,avan5i@rambler.ru,avan5i,JMsdSPQB5,Female,1,72091 CEDEX 9,Le Mans,France
200,Christiana Bruckenthal,cbruckenthal5j@privacy.gov.au,cbruckenthal5j,b9iW2cXNQZK,Female,71,7213,Concepcion,Philippines
201,Lanita Eglese,leglese5k@washington.edu,leglese5k,socAdqdC,Female,23517,B40,Birmingham,United Kingdom
202,Aksel Ivons,aivons5l@salon.com,aivons5l,EbKBhW8,Male,1015,2435-609,Seiça,Portugal
203,Ethelred Percifer,epercifer5m@seesaa.net,epercifer5m,5SJknU4Leq,Male,1,,Al Wāsiţah,Egypt
204,Orelle Stenton,ostenton5n@berkeley.edu,ostenton5n,E1u2sGv,Female,56657,,Aībak,Afghanistan
205,Seth Tonkinson,stonkinson5o@thetimes.co.uk,stonkinson5o,mVHjmLK,Male,95,989-0222,Takanosu,Japan
206,Augusta Hartlebury,ahartlebury5p@edublogs.org,ahartlebury5p,epFRT4T8,Female,6971,3384,Emnambithi-Ladysmith,South Africa
207,Dmitri Laverty,dlaverty5q@e-recht24.de,dlaverty5q,Ieaz0ILu,Male,177,,Thuận Nam,Vietnam
208,Wren McLese,wmclese5r@hugedomains.com,wmclese5r,omyLlL7WQ,Female,31809,8421,San Isidro,Philippines
209,Nickey Kennan,nkennan5s@slideshare.net,nkennan5s,AowP4f6gN,Male,53,V6L,Saint-Lambert-de-Lauzon,Canada
210,Konstanze Tetsall,ktetsall5t@apache.org,ktetsall5t,Hn6NXly,Female,30,7416,Poctol,Philippines
211,Padraig Westgate,pwestgate5u@theatlantic.com,pwestgate5u,DxAUujRgK,Male,742,,Baihe,China
212,Cooper Burril,cburril5v@woothemes.com,cburril5v,0BDMLceWI,Male,183,36800,San Cristobal,Mexico
213,Bernhard Sabbins,bsabbins5w@apache.org,bsabbins5w,QxGS785vt,Male,68,,Garang,China
214,Virgie Rennix,vrennix5x@parallels.com,vrennix5x,WhTm4Jq,Female,61,,Lewoluo,Indonesia
215,Flem Craighead,fcraighead5y@constantcontact.com,fcraighead5y,ApqZhHrdoc,Male,52,592 13,Bohdalov,Czech Republic
216,Romeo Blodgett,rblodgett5z@google.pl,rblodgett5z,gnftJ12,Male,974,425050,Suslonger,Russia
217,Junie Janowicz,jjanowicz60@over-blog.com,jjanowicz60,3q4Mcy,Female,211,392526,Stroitel’,Russia
218,Larine Penylton,lpenylton61@i2i.jp,lpenylton61,FfQOVXd0cYu2,Female,90,,Vin’kivtsi,Ukraine
219,Tomkin Itskovitz,titskovitz62@cafepress.com,titskovitz62,YCpMDlS,Male,778,,Fuyu,China
220,Birdie Cornwell,bcornwell63@google.ca,bcornwell63,uQMTfQlKYnbL,Female,7200,,Archángelos,Greece
221,Linnet O'Flannery,loflannery64@ameblo.jp,loflannery64,q0U3RcTSK,Female,75,,Oetua,Indonesia
222,Diena Hitscher,dhitscher65@upenn.edu,dhitscher65,REjII930RyX,Female,60,16005,Tamahú,Guatemala
223,Modestine Sturror,msturror66@constantcontact.com,msturror66,yMeP4S,Female,7526,,Vaitape,French Polynesia
224,Elizabet Norvill,enorvill67@uol.com.br,enorvill67,x93PSf,Female,7,301723,Kimovsk,Russia
225,Cosmo Curwood,ccurwood68@paginegialle.it,ccurwood68,7neg6r7BxdVg,Male,619,403 39,Chlumec,Czech Republic
226,Teodorico Andrews,tandrews69@networkadvertising.org,tandrews69,tbSGou,Male,64,503 51,Kladruby,Czech Republic
227,Darill Cavendish,dcavendish6a@mozilla.org,dcavendish6a,59KPJ70nT,Male,662,,Mişrātah,Libya
228,Dorice Kelberer,dkelberer6b@fda.gov,dkelberer6b,8MiqNhu6,Female,841,76101 CEDEX,Rouen,France
229,Greta Baugham,gbaugham6c@t-online.de,gbaugham6c,AB3sOXhpv,Female,30370,8217,Nesebar,Bulgaria
230,Julianna Mabley,jmabley6d@earthlink.net,jmabley6d,WXEwMAa9dsUB,Female,53,352189,Otrado-Kubanskoye,Russia
231,Magdalen Kippling,mkippling6e@reverbnation.com,mkippling6e,Z3HeXymCBD,Female,6924,,Luoxi,China
232,Zackariah Hadwen,zhadwen6f@google.ca,zhadwen6f,tdYf23fZ,Male,3,4650-089,Venda Nova,Portugal
233,Thurstan Berge,tberge6g@samsung.com,tberge6g,zZCHQXtf7nw,Male,47,664 24,Drásov,Czech Republic
234,Teodoor Wimpey,twimpey6h@huffingtonpost.com,twimpey6h,gWcaPEDMpp,Male,35,,Jinshanzui,China
235,Nola Petera,npetera6i@exblog.jp,npetera6i,JkSLo47VIJCg,Female,64923,,San Bernardino,Paraguay
236,Korie Steane,ksteane6j@whitehouse.gov,ksteane6j,RqCg1y,Female,0354,52080,Aachen,Germany
237,Fionna Cockill,fcockill6k@blinklist.com,fcockill6k,kLjcvxkKR,Female,2,,Honglan,China
238,Douglass Grimwade,dgrimwade6l@redcross.org,dgrimwade6l,BXElz0gvZJN,Male,91,3423,Zárate,Argentina
239,Ravi Prigmore,rprigmore6m@narod.ru,rprigmore6m,qaGvSd3gT6x,Male,4,713 30,Nora,Sweden
240,Fons Brognot,fbrognot6n@unblog.fr,fbrognot6n,4c0FhOUb,Male,853,,Khanāşir,Syria
241,Brander Hiley,bhiley6o@photobucket.com,bhiley6o,m8HUyuL,Male,3194,69469 CEDEX 06,Lyon,France
242,Georgetta Watsam,gwatsam6p@goodreads.com,gwatsam6p,bYmzMapJkKyv,Female,3,,Longmiao,China
243,Ernestine Claybourne,eclaybourne6q@accuweather.com,eclaybourne6q,Ci2RLeuZ0rpg,Female,991,,Socota,Peru
244,Pavia Hallgarth,phallgarth6r@businessinsider.com,phallgarth6r,nTZReT1,Female,998,678580,Batagay-Alyta,Russia
245,Pablo Gozzett,pgozzett6s@opera.com,pgozzett6s,SYbfOtxvorg,Male,6017,,Xujiadian,China
246,Hamil Golds,hgolds6t@photobucket.com,hgolds6t,4mbR4hYe,Male,489,,Laborie,Saint Lucia
247,Chelsae McCerery,cmccerery6u@canalblog.com,cmccerery6u,mezq5cEI,Female,780,8604,Magallanes,Philippines
248,Roderick Merida,rmerida6v@people.com.cn,rmerida6v,XCB3Cty,Male,38,,Jianfeng,China
249,Odelia Fenning,ofenning6w@feedburner.com,ofenning6w,gc4jNV,Female,02,,Qushi’an,China
250,Spike McGrail,smcgrail6x@msu.edu,smcgrail6x,ZYE513IC5,Male,2,4600-741,Casa Nova,Portugal
251,Orson Carmont,ocarmont6y@goodreads.com,ocarmont6y,GmYgSJSI,Male,4746,,Daqin Tal,China
252,Warren Northing,wnorthing6z@ocn.ne.jp,wnorthing6z,171HfzAo69UE,Male,52924,,Zarichne,Ukraine
253,Rivkah Bottby,rbottby70@blogs.com,rbottby70,0sysHo5lV,Female,1592,94297,Sacramento,United States
254,Kermit Craine,kcraine71@gov.uk,kcraine71,CWXyGmQqg,Male,3518,,Horki,Belarus
255,Cymbre Wabersinke,cwabersinke72@smugmug.com,cwabersinke72,SqSLyI,Female,20,,Sanhe,China
256,Maire Bowry,mbowry73@marketwatch.com,mbowry73,lmR6rDGCy,Female,43960,,Bilshivtsi,Ukraine
257,Marshall Ramstead,mramstead74@earthlink.net,mramstead74,SlSz7A,Male,66683,95680-000,Canela,Brazil
258,Ethyl Matchett,ematchett75@1und1.de,ematchett75,FopXfXd,Female,707,,Gīvī,Iran
259,Dalton Pavolillo,dpavolillo76@canalblog.com,dpavolillo76,yr5DLDyAEjl,Male,9349,1218,Komenda,Slovenia
260,Adena Pietzner,apietzner77@topsy.com,apietzner77,tp5GgZpw0H2,Female,1,,Busia,Kenya
261,Myrtia Meneghi,mmeneghi78@networkadvertising.org,mmeneghi78,oVcYwUkDqBr0,Female,2,8316,Plottier,Argentina
262,Yvette Boake,yboake79@wunderground.com,yboake79,a1uU59e3,Female,4,,Yajiang,China
263,Paulette Bollon,pbollon7a@sciencedirect.com,pbollon7a,kfvmMKqhFhJW,Female,2938,,Bella Unión,Uruguay
264,Kinsley Zanardii,kzanardii7b@reference.com,kzanardii7b,CRLESU,Male,5415,252257,Granada,Colombia
265,Matty Ibbitson,mibbitson7c@google.cn,mibbitson7c,OE4558FWP4,Male,8,,Shalqīya,Kazakhstan
266,Richardo Keyden,rkeyden7d@apache.org,rkeyden7d,XtX2YJAZNzA,Male,49,,Maroúsi,Greece
267,Kelcie Bruckshaw,kbruckshaw7e@bloomberg.com,kbruckshaw7e,J6hikkmqmXz,Female,42337,,Chengxi,China
268,Hamel Lanegran,hlanegran7f@ow.ly,hlanegran7f,O3v5nVTRMeGx,Male,43,,Ar Rass,Saudi Arabia
269,Breena Gabbat,bgabbat7g@friendfeed.com,bgabbat7g,pfGXuPog8Z,Female,9,,Waigete,Indonesia
270,Gerladina Jacketts,gjacketts7h@google.com.br,gjacketts7h,Lcr4Qodk,Female,5,9002,San Martin,Philippines
271,Eyde Costar,ecostar7i@businessinsider.com,ecostar7i,Ikth1fc3,Female,4,,Maseru,Lesotho
272,Nikaniki Frampton,nframpton7j@baidu.com,nframpton7j,c9aFM2o,Female,7,80129,Napoli,Italy
273,Sara Wellen,swellen7k@census.gov,swellen7k,qeHENmQUYx,Female,7747,,Sukaraja,Indonesia
274,Marjie McMillan,mmcmillan7l@ed.gov,mmcmillan7l,OTNRTftaQ,Female,11473,94019 CEDEX,Créteil,France
275,Kris Mumbey,kmumbey7m@indiegogo.com,kmumbey7m,9gK1ggynap,Female,8,366404,Itum-Kali,Russia
276,Gothart Delamar,gdelamar7n@usatoday.com,gdelamar7n,PsygHMV0DzGc,Male,8,16550,Erie,United States
277,Patrizius Lumbly,plumbly7o@nationalgeographic.com,plumbly7o,AGfrx7fv,Male,518,11305,Colima,Costa Rica
278,Catherina Boland,cboland7p@edublogs.org,cboland7p,dzBT3mA4uQ46,Female,1690,4210,Altenberg bei Linz,Austria
279,Napoleon Perrin,nperrin7q@devhub.com,nperrin7q,skKKskvtXOV,Male,2774,152429,Aquitania,Colombia
280,Shawnee Leates,sleates7r@geocities.com,sleates7r,kErVf2orxFBT,Female,35,151 22,Södertälje,Sweden
281,Blaire Pirrey,bpirrey7s@virginia.edu,bpirrey7s,QSQjrh,Female,39,59784 CEDEX 9,Lille,France
282,Jefferson Kuhnhardt,jkuhnhardt7t@google.de,jkuhnhardt7t,r9ACoGM6MY,Male,7,144 40,Rönninge,Sweden
283,Willette Knapman,wknapman7u@china.com.cn,wknapman7u,T3BjErEm,Female,855,75151 CEDEX 03,Paris 03,France
284,Gertrude Agus,gagus7v@economist.com,gagus7v,d3xV6LeMl,Female,0,356555,Vladimir,Russia
285,Ferdinande Knolles-Green,fknollesgreen7w@spiegel.de,fknollesgreen7w,mYg3pr,Female,87,,Jieyang,China
286,Ermengarde Briamo,ebriamo7x@who.int,ebriamo7x,Tr5ZFuk,Female,02,34-322,Gilowice,Poland
287,Jewelle L'oiseau,jloiseau7y@indiatimes.com,jloiseau7y,69tGtSUj,Female,0442,94149 CEDEX,Alfortville,France
288,Elise Koche,ekoche7z@gravatar.com,ekoche7z,qfqqG8CxAzW,Female,875,,Hwaseong-si,South Korea
289,Layne Le Pine,lle80@webnode.com,lle80,NSfDfg,Female,936,,Cacheu,Guinea-Bissau
290,Bastien Earney,bearney81@posterous.com,bearney81,olm2HS2,Male,4,,Heshui,China
291,Jedidiah Fishpool,jfishpool82@goodreads.com,jfishpool82,xJOgbL,Male,2201,97615,Dzaoudzi,Mayotte
292,Monique Pretsell,mpretsell83@cocolog-nifty.com,mpretsell83,sGGdBOzjdEa4,Female,23,,Kveda Chkhorots’q’u,Georgia
293,Cooper Nutley,cnutley84@whitehouse.gov,cnutley84,vrNfC45Z6,Male,64,2319,Poljčane,Slovenia
294,Beverley Skahill,bskahill85@china.com.cn,bskahill85,1p6iYlxCQaC0,Female,7462,,Alue Glumpang,Indonesia
295,Elvera MacTrustie,emactrustie86@mail.ru,emactrustie86,rphQiESgBNO,Female,753,684517,Barbosa,Colombia
296,Mariann Wyles,mwyles87@theglobeandmail.com,mwyles87,zoUWotFUidv,Female,1177,,Mufulira,Zambia
297,Jaclyn McLachlan,jmclachlan88@imageshack.us,jmclachlan88,X20KMFBoCpf9,Female,082,97824 CEDEX,Le Port,Reunion
298,Brendan Fletcher,bfletcher89@newsvine.com,bfletcher89,OXK2QlFc88eG,Male,31860,33416,West Palm Beach,United States
299,Chalmers Venny,cvenny8a@github.io,cvenny8a,V8Szk7tZVav,Male,7,,Nemyriv,Ukraine
300,Law Fiveash,lfiveash8b@printfriendly.com,lfiveash8b,KrKYJzwuW,Male,41,624582,Pelym,Russia
301,Maud Ripsher,mripsher8c@1und1.de,mripsher8c,GXHQWX,Female,9,,Jincang,China
302,Latia Kuzma,lkuzma8d@patch.com,lkuzma8d,pkzs2s,Female,545,,Rongmei,China
303,Ike Frosdick,ifrosdick8e@google.ru,ifrosdick8e,4FeeoQRjrM1Z,Male,2320,,Changlong,China
304,Spence Khalid,skhalid8f@multiply.com,skhalid8f,UU1RIxftA1Ha,Male,6,413138,Privolzhskiy,Russia
305,Bernelle Antrobus,bantrobus8g@java.com,bantrobus8g,rUyOsL,Female,34785,,Lysychovo,Ukraine
306,Ernestus Shearsby,eshearsby8h@edublogs.org,eshearsby8h,Rj44B1,Male,201,,Zhaitou,China
307,Krystal Mingardo,kmingardo8i@reuters.com,kmingardo8i,FqRsQL,Female,292,,Komsomolets,Kazakhstan
308,Sky Marte,smarte8j@google.ru,smarte8j,0zjkO6DBg,Male,06967,,Waddān,Libya
309,Jake Masden,jmasden8k@berkeley.edu,jmasden8k,t0qg0fl9qE,Male,48,58-405,Krzeszów,Poland
310,Ivie Screen,iscreen8l@slashdot.org,iscreen8l,NXD9aBKKliS,Female,1,,Cikubang,Indonesia
311,Gordan Poser,gposer8m@japanpost.jp,gposer8m,u3ZOidIZNjVf,Male,74020,,Meicheng,China
312,Louise Thorbon,lthorbon8n@lulu.com,lthorbon8n,z9XAwbmG,Female,54,,Fengshan,China
313,Tarra Takos,ttakos8o@flavors.me,ttakos8o,y08B0m,Female,90144,,Jinshan,China
314,Matthaeus Valenti,mvalenti8p@unblog.fr,mvalenti8p,1jnmyyP,Male,32355,98-338,Sulmierzyce,Poland
315,Gayle Shevell,gshevell8q@engadget.com,gshevell8q,cBQRT11P5UAy,Male,022,D17,Raheny,Ireland
316,Cullin Van der Mark,cvan8r@google.it,cvan8r,NXJDhUtbWC,Male,7,354-0046,Wako,Japan
317,Mariann Clougher,mclougher8s@live.com,mclougher8s,MVYFjP,Female,19,28239,Bremen,Germany
318,Arlan Borchardt,aborchardt8t@engadget.com,aborchardt8t,U9WEPb1fCco,Male,0,71161,Shreveport,United States
319,Tomasine Devote,tdevote8u@moonfruit.com,tdevote8u,xcvNCp8qpUh,Female,75703,,Georgetown,Gambia
320,Jayson Curnokk,jcurnokk8v@examiner.com,jcurnokk8v,DxKg1P62igo,Male,6,,Baracoa,Cuba
321,Viviyan Ogborne,vogborne8w@t.co,vogborne8w,tLywquyt,Female,22,,Amuntai,Indonesia
322,Ody Crevagh,ocrevagh8x@slashdot.org,ocrevagh8x,uHgwNOcDnb73,Male,07,,Barra de Carrasco,Uruguay
323,Kleon Oldcroft,koldcroft8y@ca.gov,koldcroft8y,XwNZZCv25Vi2,Male,26741,,Lete,Indonesia
324,Lorette Disley,ldisley8z@boston.com,ldisley8z,pue3irZY23LS,Female,8,3060-323,Fontinha,Portugal
325,Ahmed Campany,acampany90@bluehost.com,acampany90,C81fttIM5,Male,2,,Waiklibang,Indonesia
326,Rebekkah Domino,rdomino91@samsung.com,rdomino91,umlfxXDYZ,Female,04,MD-4006,Maiac,Moldova
327,Jed Blyth,jblyth92@blogs.com,jblyth92,ubccF3lOag,Male,841,,Sukahening,Indonesia
328,Evanne Varnals,evarnals93@prlog.org,evarnals93,Vfu2Wdww,Female,835,422156,Dachnoye,Russia
329,Meris Muncey,mmuncey94@scientificamerican.com,mmuncey94,0WPIr2rj3q4P,Female,70,,Rancagadog,Indonesia
330,Francine Duce,fduce95@phoca.cz,fduce95,t4pntuGk1nJ,Female,9,,Bailu,China
331,Griffy Selland,gselland96@weebly.com,gselland96,rDyYgmsjC8,Male,87281,,Pasirjengkol,Indonesia
332,Carolynn Muffett,cmuffett97@statcounter.com,cmuffett97,XpZEIIu,Female,4064,,Mungui,Peru
333,Tiff Trudgeon,ttrudgeon98@prnewswire.com,ttrudgeon98,PmKFrDrMVZC,Female,76,,Gonghe,China
334,Tarra Mursell,tmursell99@4shared.com,tmursell99,jZfQOI7r11,Female,746,,Masvingo,Zimbabwe
335,Jacquenette Bechley,jbechley9a@cyberchimps.com,jbechley9a,unJ1Jn0CVNf,Female,311,75185,Mesquite,United States
336,Guthrey Gaines,ggaines9b@discovery.com,ggaines9b,dOXQ2QtTAGa,Male,9699,,Sarimukti Kaler,Indonesia
337,Pebrook Locarno,plocarno9c@bandcamp.com,plocarno9c,oZnjrDiH,Male,81,,Tonota,Botswana
338,Eugine Hornig,ehornig9d@dell.com,ehornig9d,72eCd5N0,Female,80305,,Bekondo,Cameroon
339,Lars Slimm,lslimm9e@lycos.com,lslimm9e,LFd7zxeX6R,Male,040,83420-000,Quatro Barras,Brazil
340,Douglass Kelleher,dkelleher9f@cnet.com,dkelleher9f,J0Avex,Male,422,,Podbrdo,Bosnia and Herzegovina
341,Lloyd Foltin,lfoltin9g@loc.gov,lfoltin9g,WlQPSBcyVD,Male,62280,29960-000,Conceição da Barra,Brazil
342,Christina Wooles,cwooles9h@mapquest.com,cwooles9h,oU888ObSRxV,Female,645,3700-803,Paços,Portugal
343,Wit Hamsher,whamsher9i@clickbank.net,whamsher9i,JOVK5jL,Male,8,30506,Ipoh,Malaysia
344,Prince Rubanenko,prubanenko9j@bravesites.com,prubanenko9j,fCesTH04s9Vw,Male,6,,Níkiti,Greece
345,Park Dobing,pdobing9k@yolasite.com,pdobing9k,ev9afVKs,Male,8695,612500,Falënki,Russia
346,Bond Alsford,balsford9l@163.com,balsford9l,TvgWsxcyuh97,Male,8464,2322,Sunchales,Argentina
347,Kermit Colbertson,kcolbertson9m@seesaa.net,kcolbertson9m,D80yx0,Male,1,,Dawuhan,Indonesia
348,Matthew Hardisty,mhardisty9n@buzzfeed.com,mhardisty9n,GJI3E3IX,Male,3892,95-036,Ozorków,Poland
349,Allen Muldrew,amuldrew9o@sphinn.com,amuldrew9o,rka1Aoo,Male,53,,Pombas,Cape Verde
350,Norris Benedito,nbenedito9p@springer.com,nbenedito9p,ZqRsChA1YRr,Male,63,1168,Oslo,Norway
351,Gilberta Kaveney,gkaveney9q@google.com.au,gkaveney9q,pQua78f3,Female,544,,Huangqi,China
352,Garrot Martijn,gmartijn9r@harvard.edu,gmartijn9r,OTeh7iR6p8T,Male,6082,,Donglinxi,China
353,Callean Knaggs,cknaggs9s@salon.com,cknaggs9s,FrMjYgb,Male,56,,Rrasa e Sipërme,Albania
354,Boony Pock,bpock9t@uol.com.br,bpock9t,tYxJ3OQ,Male,2,LQA,Luqa,Malta
355,Candice Bloschke,cbloschke9u@ftc.gov,cbloschke9u,uIGyLp3bwsad,Female,129,2811,Villaviciosa,Philippines
356,Glad Baird,gbaird9v@phpbb.com,gbaird9v,8ByanXjZ,Female,1,,Plumbangan,Indonesia
357,Josepha Maingot,jmaingot9w@hud.gov,jmaingot9w,B02OAikJ7e,Female,6,,Birni N Konni,Niger
358,Jonathon Jouanot,jjouanot9x@amazon.co.jp,jjouanot9x,ZWCHf28jCD,Male,48,,Grand Sable,Mauritius
359,Hadria Atwill,hatwill9y@prnewswire.com,hatwill9y,qYoSbUO9CyxT,Female,443,,Lebak,Indonesia
360,Townie Cicculi,tcicculi9z@tripadvisor.com,tcicculi9z,Y6Kqf1N2t,Male,361,,Taikang,China
361,Roland Daviot,rdaviota0@ustream.tv,rdaviota0,SaK3dnNjFR,Male,99440,,Zangkaxa,China
362,Sigfrid Chichgar,schichgara1@surveymonkey.com,schichgara1,LNBkG2QDa,Male,595,,Nunsena,Indonesia
363,Stefano Rowthorne,srowthornea2@spotify.com,srowthornea2,yoJECF2ot,Male,49,13269 CEDEX 08,Marseille,France
364,Margery Prewett,mprewetta3@alibaba.com,mprewetta3,D0yxwpVPN2pm,Female,2923,6117,Araal,Philippines
365,Barrie Runnalls,brunnallsa4@wordpress.org,brunnallsa4,cbn5rX,Female,0,,Watuagung,Indonesia
366,Minta Poundsford,mpoundsforda5@oaic.gov.au,mpoundsforda5,OITXhGV9WP,Female,2,5509,Veldhoven,Netherlands
367,Nicoline Somner,nsomnera6@mozilla.org,nsomnera6,up88B4tIk9,Female,9,4620-472,Venda,Portugal
368,Augustina Checcucci,acheccuccia7@unesco.org,acheccuccia7,Z5gQ4BfA9V,Female,28841,,Muquiyauyo,Peru
369,Glynn Langhor,glanghora8@artisteer.com,glanghora8,k1epVwuJe,Male,43234,,Panineungan,Indonesia
370,Nert Bradwell,nbradwella9@loc.gov,nbradwella9,jDbER0BNH0hx,Female,5,8702,Sabang,Philippines
371,Amos Feedham,afeedhamaa@joomla.org,afeedhamaa,Le3q7iC,Male,73940,,Aş Şaff,Egypt
372,Eugine Veque,evequeab@exblog.jp,evequeab,HmDkObUi5p,Female,2400,430 01,Krásná Lípa,Czech Republic
373,Borden Orgill,borgillac@intel.com,borgillac,uULIeaMhN,Male,6,12-102,Szczytno,Poland
374,Petr Rookeby,prookebyad@photobucket.com,prookebyad,bUbZXM8QqU,Male,33391,,Sumbe,Angola
375,Tobias Preon,tpreonae@columbia.edu,tpreonae,MdtTSBwcPJAw,Male,59,,Quanjiang,China
376,Link Aps,lapsaf@mediafire.com,lapsaf,A1lhDrRXS7,Male,74410,17184 CEDEX,Périgny,France
377,Ebeneser Pley,epleyag@archive.org,epleyag,s3tTHnnAa,Male,03,,Hongqiao,China
378,Elbertina Robardley,erobardleyah@opensource.org,erobardleyah,nGFcLc,Female,7106,44004 CEDEX 1,Nantes,France
379,Myrilla Rudderham,mrudderhamai@facebook.com,mrudderhamai,cV2UU8bxy,Female,29,98516,Olympia,United States
380,Miof mela Dragge,mmelaaj@disqus.com,mmelaaj,TwQypPi,Female,2307,,Jinan,China
381,Isidoro Tagg,itaggak@umn.edu,itaggak,zCx46e5,Male,1,,Tatariv,Ukraine
382,Rikki Ondra,rondraal@deliciousdays.com,rondraal,rzgSveD,Male,2,64-800,Chodzież,Poland
383,Geoff Feander,gfeanderam@bravesites.com,gfeanderam,nbjYqbo,Male,759,,Bumba,Democratic Republic of the Congo
384,Zedekiah Clinning,zclinningan@noaa.gov,zclinningan,ZUnwgvcHkhT,Male,982,,Ping’an,China
385,Amabelle Paviour,apaviourao@acquirethisname.com,apaviourao,psVhATRJ,Female,2108,442 40,Kungälv,Sweden
386,Brandise Bendle,bbendleap@mediafire.com,bbendleap,Bz8LB9IH8,Female,4290,1880,Teresa,Philippines
387,Gretel McCrostie,gmccrostieaq@cbc.ca,gmccrostieaq,BkK7cdwLNas,Female,6,,Xilong,China
388,Roxana MacAughtrie,rmacaughtriear@twitter.com,rmacaughtriear,COd3xA0EMqiT,Female,0933,8424,Burgos,Philippines
389,Star Rein,sreinas@geocities.jp,sreinas,jSUcsqxcLac,Female,053,7665-823,Sabóia,Portugal
390,Baxy Moller,bmollerat@forbes.com,bmollerat,8F799As,Male,5,43-365,Wilkowice,Poland
391,Lisette Sappell,lsappellau@hexun.com,lsappellau,RjFaQZfEp,Female,0920,05-205,Duczki,Poland
392,Sanson Pischof,spischofav@eventbrite.com,spischofav,aaXSPpPkvP,Male,6944,31101 CEDEX 9,Toulouse,France
393,Cirillo Jurick,cjurickaw@vkontakte.ru,cjurickaw,HNCEmRd,Male,8725,,Baldone,Latvia
394,Barty Mower,bmowerax@lulu.com,bmowerax,JDCgPXVYsWL,Male,92,,Megáli Khóra,Greece
395,Torey Combes,tcombesay@home.pl,tcombesay,qzV2C3f52,Female,4334,,Lebak,Indonesia
396,Stewart Bour,sbouraz@google.it,sbouraz,XDQm67F7YC,Male,3336,1330,Kočevje,Slovenia
397,Bessy Maingot,bmaingotb0@amazonaws.com,bmaingotb0,N7UsVM,Female,7145,87505,Santa Fe,United States
398,Nelly Cribbin,ncribbinb1@washington.edu,ncribbinb1,SIFMwPE,Female,87995,,Luokeng,China
399,Judd Hawksley,jhawksleyb2@baidu.com,jhawksleyb2,aMT21HmxKBG,Male,382,,Ujar,Azerbaijan
400,Tiffi Leeburn,tleeburnb3@linkedin.com,tleeburnb3,0j13NwN,Female,549,,Wenfu,China
401,Colas Sancraft,csancraftb4@joomla.org,csancraftb4,XDEQl4,Male,2,,Bofuer,Indonesia
402,Cordey Leworthy,cleworthyb5@sun.com,cleworthyb5,Uf1RbQO,Female,98073,871-0921,Buzen,Japan
403,Sawyer Wellesley,swellesleyb6@skype.com,swellesleyb6,8rwfIiJbE,Male,0244,,Mananara,Madagascar
404,Bernhard Pavlovsky,bpavlovskyb7@walmart.com,bpavlovskyb7,l0H2laBaOV9J,Male,06,,Évosmos,Greece
405,Elvira Simmonds,esimmondsb8@ovh.net,esimmondsb8,fwQYvHqh,Female,58008,,Mekarjaya,Indonesia
406,Sylas Lodder,slodderb9@deliciousdays.com,slodderb9,9KSpW8o,Male,2795,,Xinhua,China
407,Harmon Conti,hcontiba@nsw.gov.au,hcontiba,An4qlpVMNWUq,Male,96,,Saue,Estonia
408,Jocelyne Densumbe,jdensumbebb@hexun.com,jdensumbebb,B3lC4D36nMh,Female,2,14604,Rochester,United States
409,Constantin Fritzer,cfritzerbc@de.vu,cfritzerbc,Xwka4Tn,Male,143,10802,Bánica,Dominican Republic
410,Dede Trett,dtrettbd@craigslist.org,dtrettbd,SNNYAaH,Female,709,75128 CEDEX 11,Paris 11,France
411,Nicola Murty,nmurtybe@parallels.com,nmurtybe,TnnqUKI6,Female,55,5100-005,Lamego,Portugal
412,Delora Doncaster,ddoncasterbf@is.gd,ddoncasterbf,vh6dDKTv,Female,5,84120,Ban Na San,Thailand
413,Karie Willock,kwillockbg@t.co,kwillockbg,VTUAlZmPRfee,Female,29132,,Xiying,China
414,Kerrill Lillico,klillicobh@yellowbook.com,klillicobh,lxGrb0eJVgbl,Female,1731,,Xishiqiao,China
415,Rakel Brahan,rbrahanbi@ft.com,rbrahanbi,lnxwKuevJf0d,Female,3294,2333,Capas,Philippines
416,Bunny Lodo,blodobj@barnesandnoble.com,blodobj,7pCSU4F,Female,00444,366309,Shali,Russia
417,Say Lambden,slambdenbk@dell.com,slambdenbk,PQdPmq,Male,32530,12030 CEDEX 9,Rodez,France
418,Rosalie Ferrino,rferrinobl@cnet.com,rferrinobl,T2e70uTTY,Female,0,,Luhansk,Ukraine
419,Reynard Knowlden,rknowldenbm@shop-pro.jp,rknowldenbm,VEySnvZ,Male,414,,Chuanxi,China
420,Garrek Clohisey,gclohiseybn@dell.com,gclohiseybn,Z3jzgSO3,Male,0627,41199,Mönchengladbach,Germany
421,Carline Kynton,ckyntonbo@washington.edu,ckyntonbo,7HDXlnRv,Female,5028,,Zīrakī,Afghanistan
422,Batholomew Abotson,babotsonbp@si.edu,babotsonbp,KpWVoQ,Male,203,,Zhongshi,China
423,Jamill Barehead,jbareheadbq@networkadvertising.org,jbareheadbq,Fiec1B6xMV,Male,3,5412,Balud,Philippines
424,Grace Poynser,gpoynserbr@ezinearticles.com,gpoynserbr,jYACUPcc1,Male,895,,Rawaglagah,Indonesia
425,Cyndia Punyer,cpunyerbs@github.io,cpunyerbs,xRrghHuQIcNE,Female,53,296 81,Åhus,Sweden
426,Charmine Craxford,ccraxfordbt@godaddy.com,ccraxfordbt,trD6A2dlD,Female,3,,Henan’an,China
427,Laureen Southall,lsouthallbu@pinterest.com,lsouthallbu,TmTvrO8B,Female,862,,Adil Makmur,Indonesia
428,Verne Stent,vstentbv@a8.net,vstentbv,UNAcT8PgZg9,Male,26,22908,Charlottesville,United States
429,Bartel Delamere,bdelamerebw@hibu.com,bdelamerebw,gZNFnlwTXJGA,Male,7309,,Batken,Kyrgyzstan
430,Rolfe Lamplough,rlamploughbx@illinois.edu,rlamploughbx,UHVKmcAfjW9,Male,257,72-343,Karnice,Poland
431,Saloma Mattevi,smatteviby@independent.co.uk,smatteviby,LIt0kJnBjh,Female,681,939-8282,Toyama-shi,Japan
432,Ara Harewood,aharewoodbz@imgur.com,aharewoodbz,7b0Id6CW,Male,1,1333,Крива Паланка,Macedonia
433,Audie Lerhinan,alerhinanc0@digg.com,alerhinanc0,2WfxrnZQEryS,Female,54432,311-1500,Ōarai,Japan
434,Jorey Ledram,jledramc1@prweb.com,jledramc1,sfkDSWsbY,Female,793,,Beutong Ateuh,Indonesia
435,Minna Siverns,msivernsc2@timesonline.co.uk,msivernsc2,fgomQXbq,Female,03,,Gaoliang,China
436,Jameson Dashkovich,jdashkovichc3@europa.eu,jdashkovichc3,z4QVSXAoinpC,Male,0029,,Krajan Atas Suger Lor,Indonesia
437,Tansy Randal,trandalc4@ezinearticles.com,trandalc4,bdD5ygvje9s,Female,128,,Debre Werk’,Ethiopia
438,Silvester Velez,svelezc5@list-manage.com,svelezc5,mThtdVHhOL0t,Male,4,,Umuquena,Venezuela
439,Poul Punyer,ppunyerc6@flickr.com,ppunyerc6,WzuHrbgvX,Male,28,,Tayabamba,Peru
440,Bab Blaxall,bblaxallc7@unicef.org,bblaxallc7,v15uNvD4cx85,Female,6935,,Sekolan,Indonesia
441,Chery Barlow,cbarlowc8@sogou.com,cbarlowc8,DTvLGUt908,Female,3113,5869,Adelaide Mail Centre,Australia
442,Kristi Pirrone,kpirronec9@theglobeandmail.com,kpirronec9,WGyu7t,Female,28477,,Xinghua,China
443,Joe Minthorpe,jminthorpeca@amazon.co.uk,jminthorpeca,wrjvoe7s,Male,1799,403060,Log,Russia
444,Moss Sidary,msidarycb@twitpic.com,msidarycb,AHMIOGgEr7S,Male,4,8110,Bantacan,Philippines
445,Willy Idney,widneycc@jugem.jp,widneycc,PlXPD3,Male,5,,Cerenti,Indonesia
446,Stacey Aylmer,saylmercd@webnode.com,saylmercd,1BLCjro,Female,43454,,Masma,Peru
447,Vidovik Bolam,vbolamce@canalblog.com,vbolamce,DmgTaUQ,Male,09846,,Henglu,China
448,Ammamaria Renney,arenneycf@dedecms.com,arenneycf,2J5vNq0VNH,Female,16968,,Ke’erlun,China
449,Joyan Quirke,jquirkecg@bloomberg.com,jquirkecg,5RwZN3xs,Female,94961,422367,Staraya Derevnya,Russia
450,Kynthia Zanolli,kzanollich@umn.edu,kzanollich,jgkimnXG9Pu,Female,6308,6509,Nijmegen,Netherlands
451,Ellary Elstub,eelstubci@devhub.com,eelstubci,PUhyNQvbYL,Male,6511,,Guidong Chengguanzhen,China
452,Flint Plank,fplankcj@feedburner.com,fplankcj,R8Vm8cj,Male,84,,Mugan,China
453,Kristal Stephenson,kstephensonck@google.com.hk,kstephensonck,SpHaLI,Female,35524,3132,Mapalad,Philippines
454,Zedekiah Hobbema,zhobbemacl@abc.net.au,zhobbemacl,dTUlAz8THP,Male,67,48880-000,Santaluz,Brazil
455,Jacynth Staries,jstariescm@google.nl,jstariescm,VEZndO,Female,85321,3505-143,Bertelhe,Portugal
456,Jeffrey Luscott,jluscottcn@pbs.org,jluscottcn,wXI7v81Fd,Male,82946,,Dushang,China
457,Monah Maudlen,mmaudlenco@edublogs.org,mmaudlenco,6BOJyY,Female,4,,Cerro Blanco,Honduras
458,Nealon Layhe,nlayhecp@facebook.com,nlayhecp,0J9wTe6iL,Male,5514,,Ar Raqqah,Syria
459,Kora Cosans,kcosanscq@jalbum.net,kcosanscq,DdrFlpA5,Female,2682,,Gonbad-e Kāvūs,Iran
460,Giavani Skeleton,gskeletoncr@mail.ru,gskeletoncr,DjKx787yIgF,Male,690,4960-320,Cancela,Portugal
461,Kyle Vamplew,kvamplewcs@joomla.org,kvamplewcs,7XjpsA7c1noF,Male,62626,79960,Infonavit,Mexico
462,Tamas Test,ttestct@diigo.com,ttestct,5iTPVlL9VV,Male,509,67236,Wichita,United States
463,Clarance Braksper,cbrakspercu@blogs.com,cbrakspercu,sZeV1F95gP,Male,1,,Xiashitai,China
464,Ferdinand Dreye,fdreyecv@scientificamerican.com,fdreyecv,8Tm6gJ,Male,18870,20210,Washington,United States
465,Pris LLelweln,pllelwelncw@macromedia.com,pllelwelncw,envYjhxq3,Female,46,456440,Podol’sk,Russia
466,Elihu Awin,eawincx@twitpic.com,eawincx,UvE2v3iip7z,Male,9707,,Kuiyong,China
467,Decca Downing,ddowningcy@flavors.me,ddowningcy,UYJsMf9MOn,Male,87,T1G,Taber,Canada
468,Noelyn Begin,nbegincz@topsy.com,nbegincz,mcI01F,Female,9559,4860-352,Refojos,Portugal
469,Raleigh Huntingford,rhuntingfordd0@businesswire.com,rhuntingfordd0,dx7CXD7Rq2,Male,775,R93,Trá Mhór,Ireland
470,Ruby Toombes,rtoombesd1@apple.com,rtoombesd1,E48rf4,Female,3,,Banī Mazār,Egypt
471,Stuart Kenworth,skenworthd2@digg.com,skenworthd2,5ooNwjy2R,Male,680,,Khamyāb,Afghanistan
472,Billy Brade,bbraded3@123-reg.co.uk,bbraded3,lirlK5a6b4I,Female,455,06600-000,Jandira,Brazil
473,Anabel Alliott,aalliottd4@techcrunch.com,aalliottd4,ZXnh7Kzsq,Female,719,50150,Kuala Lumpur,Malaysia
474,Beverlie Bunch,bbunchd5@miitbeian.gov.cn,bbunchd5,P2HAQKGsyi,Female,83,61300,Puttalam,Sri Lanka
475,Field Hradsky,fhradskyd6@nih.gov,fhradskyd6,lAqHCWZ4CY,Male,058,38430-000,Tupaciguara,Brazil
476,Baillie Heed,bheedd7@alexa.com,bheedd7,AIzS1IP2e,Male,4518,,Jingyang,China
477,Boris Gyrgorwicx,bgyrgorwicxd8@wired.com,bgyrgorwicxd8,lgF4ENEZF1A,Male,194,,Korets’,Ukraine
478,Barbe Trussell,btrusselld9@facebook.com,btrusselld9,Ol747r0xDm,Female,6,4900-005,Viana do Castelo,Portugal
479,Tabina Rushsorth,trushsorthda@tumblr.com,trushsorthda,mg2E35a,Female,730,M3H,Willowdale,Canada
480,Gertie Cyples,gcyplesdb@slideshare.net,gcyplesdb,b7O2w00,Female,05065,2200,San Lorenzo,Argentina
481,Roman Jupe,rjupedc@apache.org,rjupedc,gmU6PXOyQq,Male,20,,Dahua,China
482,Cheri Bertouloume,cbertouloumedd@friendfeed.com,cbertouloumedd,lUsQaLcND,Female,2,,Zaña,Peru
483,Reeva Loache,rloachede@4shared.com,rloachede,JKZ7I4,Female,2,,Dalonghua,China
484,Ami Sterley,asterleydf@theglobeandmail.com,asterleydf,DQ5LLEJJgg,Female,139,,Cahuacho,Peru
485,Tiffany Gibbe,tgibbedg@hatena.ne.jp,tgibbedg,clxL0yEAhf,Female,7510,,Cimaung Kidul,Indonesia
486,Ashbey Pearcehouse,apearcehousedh@google.ca,apearcehousedh,XLk3dBhcbHk,Male,486,5034,Tilburg,Netherlands
487,Allegra Ely,aelydi@weebly.com,aelydi,pOc0xp,Female,55,,Liuqu,China
488,Maddalena Campelli,mcampellidj@disqus.com,mcampellidj,uciZYAxea,Female,1324,28944,Fuenlabrada,Spain
489,Keefe Ringrose,kringrosedk@edublogs.org,kringrosedk,GaeEld10,Male,8,,Gaoping,China
490,Flem Hick,fhickdl@photobucket.com,fhickdl,4bVC8TQuY,Male,267,,Yangsan,South Korea
491,Karlee McPeck,kmcpeckdm@rakuten.co.jp,kmcpeckdm,slW8xT5p,Female,99944,6550,San Carlos de Bolívar,Argentina
492,Garrot Crab,gcrabdn@reuters.com,gcrabdn,kwuWHooi,Male,01,,Erátyra,Greece
493,Nils Goulding,ngouldingdo@seesaa.net,ngouldingdo,jKZ5P2T,Male,39058,16300-000,Penápolis,Brazil
494,Dimitry Palmer,dpalmerdp@youku.com,dpalmerdp,Xrp9cuk,Male,5,,Oke Mesi,Nigeria
495,Antonin Zanni,azannidq@kickstarter.com,azannidq,UquPKU7AO4I,Male,61907,,Buyant,Mongolia
496,Elyn Curbishley,ecurbishleydr@nih.gov,ecurbishleydr,mYngcMXMn,Female,96810,77-400,Złotów,Poland
497,Arther Mellodey,amellodeyds@joomla.org,amellodeyds,3M6WSTZAOD,Male,904,,Bāniyās,Syria
498,Ira Mc Corley,imcdt@google.co.uk,imcdt,DlQ3Ao,Female,56,052818,Segovia,Colombia
499,Josy Mulholland,jmulhollanddu@loc.gov,jmulhollanddu,aXJLuHnyOKz8,Female,8879,7116,Sigaboy,Philippines
500,Donica Grebert,dgrebertdv@quantcast.com,dgrebertdv,UE9tM2joO,Female,10035,,Shangdu,China
